rxn02485, Metabolism of cofactors and vitamins
rxn01361, Nucleotide metabolism
rxn07476, Carbohydrate metabolism
rxn30161, Metabolism of cofactors and vitamins
rxn05114, Nucleotide metabolism
rxn01142, Amino acid metabolism
rxn38123,
rxn38909, Amino acid metabolism
rxn30397, Amino acid metabolism
rxn38910, Amino acid metabolism
rxn30398, Amino acid metabolism
rxn38029, Amino acid metabolism
rxn29946,
rxn06316, Carbohydrate metabolism
rxn34305,
rxn35234, Carbohydrate metabolism
rxn33490, Energy metabolism
rxn03372,
rxn27688, Nucleotide metabolism
rxn23129,
rxn06718, Glycan biosynthesis and metabolism
rxn38030,
rxn06140, Lipid metabolism
rxn14402,
rxn05818, Nucleotide metabolism
rxn05816, Nucleotide metabolism
rxn05819, Nucleotide metabolism
rxn05817, Nucleotide metabolism
rxn06045, Lipid metabolism
rxn02518, Nucleotide metabolism
rxn01962, Nucleotide metabolism
rxn33568, Metabolism of cofactors and vitamins
rxn32974, Nucleotide metabolism
rxn32148, Nucleotide metabolism
rxn32257, Nucleotide metabolism
rxn30860, Metabolism of cofactors and vitamins
rxn33762, Nucleotide metabolism
rxn02400, Metabolism of cofactors and vitamins
rxn31973, Nucleotide metabolism
rxn29952, Nucleotide metabolism
rxn31059, Nucleotide metabolism
rxn32982, Nucleotide metabolism
rxn30907, Nucleotide metabolism
rxn29955, Nucleotide metabolism
rxn30908, Nucleotide metabolism
rxn32378, Nucleotide metabolism
rxn33474, Nucleotide metabolism
rxn29956, Nucleotide metabolism
rxn31426, Carbohydrate metabolism
rxn28107,
rxn34298, Metabolism of other amino acids
rxn34220,
rxn33486,
rxn38399, Lipid metabolism
rxn03903, Glycan biosynthesis and metabolism
rxn03904, Glycan biosynthesis and metabolism
rxn32421, Carbohydrate metabolism
rxn32194, Amino acid metabolism
rxn30401,
rxn02011, Amino acid metabolism
rxn38359, Carbohydrate metabolism
rxn33404,
rxn34232,
rxn16219,
rxn16223,
rxn16220,
rxn16221,
rxn33166, Metabolism of cofactors and vitamins
rxn31257, Lipid metabolism
rxn38489, Lipid metabolism
rxn31255, Lipid metabolism
rxn30175, Lipid metabolism
rxn31254, Lipid metabolism
rxn38492, Lipid metabolism
rxn07573, Lipid metabolism
rxn31256, Lipid metabolism
rxn38484, Lipid metabolism
rxn27889, Metabolism of other amino acids
rxn27887,
rxn31423,
rxn38539, Lipid metabolism
rxn07214,
rxn30897, Carbohydrate metabolism
rxn28001, Carbohydrate metabolism
rxn28169, Biosynthesis of other secondary metabolites
rxn35560, Carbohydrate metabolism
rxn29965, Carbohydrate metabolism
rxn15882,
rxn32256, Xenobiotics biodegradation and metabolism
rxn30164,
rxn19253, Amino acid metabolism
rxn33346,
rxn15042,
rxn11775,
rxn01037, Amino acid metabolism
rxn32810, Metabolism of cofactors and vitamins
rxn35283, Amino acid metabolism
rxn03174, Metabolism of cofactors and vitamins
rxn03421, Metabolism of cofactors and vitamins
rxn00302, Metabolism of cofactors and vitamins
rxn03419, Metabolism of cofactors and vitamins
rxn11768, Xenobiotics biodegradation and metabolism
rxn27944, Nucleotide metabolism
rxn38273,
rxn06445,
rxn06850, Lipid metabolism
rxn16841, Carbohydrate metabolism
rxn30045, Amino acid metabolism
rxn07295, Metabolism of cofactors and vitamins
rxn15678, Metabolism of cofactors and vitamins
rxn32851, Nucleotide metabolism
rxn34262, Carbohydrate metabolism
rxn33867, Carbohydrate metabolism
rxn34240, Carbohydrate metabolism
rxn02228, Amino acid metabolism
rxn00741, Carbohydrate metabolism
rxn33610,
rxn15833,
rxn32556, Nucleotide metabolism
rxn32711, Carbohydrate metabolism
rxn14089, Xenobiotics biodegradation and metabolism
rxn38034, Carbohydrate metabolism
rxn31891, Xenobiotics biodegradation and metabolism
rxn05871, Lipid metabolism
rxn38318, Amino acid metabolism
rxn34627, Carbohydrate metabolism
rxn04726, Xenobiotics biodegradation and metabolism
rxn30128,
rxn26310, Energy metabolism
rxn32318, Metabolism of cofactors and vitamins
rxn38243, Amino acid metabolism
rxn15923, Metabolism of cofactors and vitamins
rxn15930, Metabolism of cofactors and vitamins
rxn35534,
rxn15219, Carbohydrate metabolism
rxn01763, Carbohydrate metabolism
rxn33856, Nucleotide metabolism
rxn38009, Carbohydrate metabolism
rxn26481, Lipid metabolism
rxn19956, Biosynthesis of other secondary metabolites
rxn38257, Amino acid metabolism
rxn14028,
rxn32559, Amino acid metabolism
rxn38710, Amino acid metabolism
rxn33067, Nucleotide metabolism
rxn33164, Xenobiotics biodegradation and metabolism
rxn34626, Carbohydrate metabolism
rxn31361,
rxn31792, Amino acid metabolism
rxn27667, Carbohydrate metabolism
rxn30334, Metabolism of other amino acids
rxn33391, Metabolism of cofactors and vitamins
rxn01484, Carbohydrate metabolism
rxn33469,
rxn01987, Carbohydrate metabolism
rxn01967, Carbohydrate metabolism
rxn33193, Nucleotide metabolism
rxn33299, Metabolism of cofactors and vitamins
rxn33374,
rxn15095, Carbohydrate metabolism
rxn35429,
rxn35443,
rxn35311,
rxn35310, Biosynthesis of other secondary metabolites
rxn27109, Amino acid metabolism
rxn31946,
rxn38055, Amino acid metabolism
rxn38053,
rxn38054, Amino acid metabolism
rxn16583,
rxn03408, Glycan biosynthesis and metabolism
rxn03933, Glycan biosynthesis and metabolism
rxn28091, Carbohydrate metabolism
rxn34299, Carbohydrate metabolism
rxn27933, Amino acid metabolism
rxn27932, Amino acid metabolism
rxn05844, Nucleotide metabolism
rxn05842, Nucleotide metabolism
rxn05843, Nucleotide metabolism
rxn05845, Nucleotide metabolism
rxn01615, Carbohydrate metabolism
rxn01305, Carbohydrate metabolism
rxn35448, Amino acid metabolism
rxn30443,
rxn31276, Lipid metabolism
rxn25749, Lipid metabolism
rxn37965, Lipid metabolism
rxn31272, Lipid metabolism
rxn30096, Lipid metabolism
rxn31323, Lipid metabolism
rxn38490, Lipid metabolism
rxn31326, Lipid metabolism
rxn31277, Lipid metabolism
rxn25746, Lipid metabolism
rxn38487, Lipid metabolism
rxn30156,
rxn38486, Lipid metabolism
rxn25745, Lipid metabolism
rxn31253, Lipid metabolism
rxn30140, Lipid metabolism
rxn31322, Lipid metabolism
rxn31275, Lipid metabolism
rxn25720, Metabolism of cofactors and vitamins
rxn31225, Lipid metabolism
rxn31327, Lipid metabolism
rxn38482, Lipid metabolism
rxn31324, Lipid metabolism
rxn38485, Lipid metabolism
rxn31321, Lipid metabolism
rxn31325, Lipid metabolism
rxn37640, Energy metabolism
rxn33035, Carbohydrate metabolism
rxn38104, Metabolism of terpenoids and polyketides
rxn38135,
rxn38099, Metabolism of terpenoids and polyketides
rxn00610, Lipid metabolism
rxn01506, Carbohydrate metabolism
rxn38696,
rxn01352, Nucleotide metabolism
rxn32122, Carbohydrate metabolism
rxn00471, Amino acid metabolism
rxn02008,
rxn14169, Amino acid metabolism
rxn03901, Glycan biosynthesis and metabolism
rxn01986, Carbohydrate metabolism
rxn05124, Amino acid metabolism
rxn35247,
rxn00143, Amino acid metabolism
rxn30734, Amino acid metabolism
rxn37546,
rxn33715,
rxn06403, Carbohydrate metabolism
rxn15387, Metabolism of other amino acids
rxn15343, Metabolism of other amino acids
rxn33569, Biosynthesis of other secondary metabolites
rxn32425, Metabolism of cofactors and vitamins
rxn33580,
rxn37973, Carbohydrate metabolism
rxn02084, Amino acid metabolism
rxn34556,
rxn35246,
rxn32777, Carbohydrate metabolism
rxn38060, Amino acid metabolism
rxn01016, Energy metabolism
rxn30680, Metabolism of cofactors and vitamins
rxn15222, Carbohydrate metabolism
rxn15165, Metabolism of cofactors and vitamins
rxn37600, Carbohydrate metabolism
rxn15229, Nucleotide metabolism
rxn37586,
rxn32246, Amino acid metabolism
rxn38266,
rxn05846, Nucleotide metabolism
rxn05848, Nucleotide metabolism
rxn05847, Nucleotide metabolism
rxn38174, Biosynthesis of other secondary metabolites
rxn30395, Carbohydrate metabolism
rxn33242,
rxn32058,
rxn32371,
rxn07486, Carbohydrate metabolism
rxn37661, Metabolism of cofactors and vitamins
rxn06219, Lipid metabolism
rxn30396, Metabolism of cofactors and vitamins
rxn30368,
rxn31394,
rxn06139, Lipid metabolism
rxn31962, Xenobiotics biodegradation and metabolism
rxn32220, Xenobiotics biodegradation and metabolism
rxn02617, Carbohydrate metabolism
rxn14208,
rxn38024, Nucleotide metabolism
rxn32386, Nucleotide metabolism
rxn03039, Nucleotide metabolism
rxn01669, Metabolism of cofactors and vitamins
rxn05918, Glycan biosynthesis and metabolism
rxn20499, Metabolism of cofactors and vitamins
rxn38153, Amino acid metabolism
rxn30580, Lipid metabolism
rxn30163,
rxn33318, Energy metabolism
rxn37337, Lipid metabolism
rxn16574,
rxn34770, Carbohydrate metabolism
rxn31977, Amino acid metabolism
rxn37685, Metabolism of terpenoids and polyketides
rxn02875,
rxn35213,
rxn34307, Carbohydrate metabolism
rxn35449, Metabolism of terpenoids and polyketides
rxn30643,
rxn03969, Xenobiotics biodegradation and metabolism
rxn32460, Amino acid metabolism
rxn30431, Nucleotide metabolism
rxn30429, Nucleotide metabolism
rxn30430, Amino acid metabolism
rxn30428, Nucleotide metabolism
rxn32752,
rxn32758, Lipid metabolism
rxn16213, Metabolism of other amino acids
rxn21936, Carbohydrate metabolism
rxn00358, Carbohydrate metabolism
rxn06081, Lipid metabolism
rxn10534,
rxn11595,
rxn07043, Carbohydrate metabolism
rxn33488, Carbohydrate metabolism
rxn32595,
rxn28256,
rxn35346, Biosynthesis of other secondary metabolites
rxn31870, Metabolism of cofactors and vitamins
rxn16439,
rxn32939, Nucleotide metabolism
rxn32176, Nucleotide metabolism
rxn00461, Carbohydrate metabolism
rxn38162, Carbohydrate metabolism
rxn15402, Lipid metabolism
rxn30394,
rxn31923, Carbohydrate metabolism
rxn06152, Carbohydrate metabolism
rxn15160, Carbohydrate metabolism
rxn31088,
rxn03446, Metabolism of cofactors and vitamins
rxn35431,
rxn35428, Nucleotide metabolism
rxn32174, Energy metabolism
rxn16246, Xenobiotics biodegradation and metabolism
rxn04895, Xenobiotics biodegradation and metabolism
rxn04832, Xenobiotics biodegradation and metabolism
rxn04830, Xenobiotics biodegradation and metabolism
rxn04873, Xenobiotics biodegradation and metabolism
rxn15652, Xenobiotics biodegradation and metabolism
rxn11808, Xenobiotics biodegradation and metabolism
rxn04811, Xenobiotics biodegradation and metabolism
rxn04894, Xenobiotics biodegradation and metabolism
rxn04903, Xenobiotics biodegradation and metabolism
rxn04886, Xenobiotics biodegradation and metabolism
rxn31883, Xenobiotics biodegradation and metabolism
rxn04810, Xenobiotics biodegradation and metabolism
rxn04872, Xenobiotics biodegradation and metabolism
rxn07181, Xenobiotics biodegradation and metabolism
rxn04833, Xenobiotics biodegradation and metabolism
rxn32152, Xenobiotics biodegradation and metabolism
rxn04809, Xenobiotics biodegradation and metabolism
rxn04831, Xenobiotics biodegradation and metabolism
rxn04896, Xenobiotics biodegradation and metabolism
rxn28979, Amino acid metabolism
rxn03264,
rxn15226, Carbohydrate metabolism
rxn31228,
rxn03540, Metabolism of cofactors and vitamins
rxn19936, Nucleotide metabolism
rxn32253,
rxn38254,
rxn37937,
rxn30355, Amino acid metabolism
rxn33740, Metabolism of other amino acids
rxn33295, Biosynthesis of other secondary metabolites
rxn34671, Amino acid metabolism
rxn08040,
rxn38113, Carbohydrate metabolism
rxn04673, Metabolism of cofactors and vitamins
rxn31476, Glycan biosynthesis and metabolism
rxn07587, Metabolism of cofactors and vitamins
rxn06090, Lipid metabolism
rxn32682, Xenobiotics biodegradation and metabolism
rxn11834, Xenobiotics biodegradation and metabolism
rxn11838, Xenobiotics biodegradation and metabolism
rxn11809, Xenobiotics biodegradation and metabolism
rxn32074, Metabolism of cofactors and vitamins
rxn01306, Carbohydrate metabolism
rxn33079, Carbohydrate metabolism
rxn16206, Metabolism of other amino acids
rxn35345, Carbohydrate metabolism
rxn13914, Biosynthesis of other secondary metabolites
rxn03140, Glycan biosynthesis and metabolism
rxn06485,
rxn06864, Metabolism of cofactors and vitamins
rxn00792, Metabolism of cofactors and vitamins
rxn30352,
rxn32095, Nucleotide metabolism
rxn33098,
rxn31790, Metabolism of cofactors and vitamins
rxn06120, Carbohydrate metabolism
rxn15314, Carbohydrate metabolism
rxn02795, Lipid metabolism
rxn03094,
rxn04068, Lipid metabolism
rxn02796, Lipid metabolism
rxn02015, Lipid metabolism
rxn03095,
rxn06435,
rxn38117, Carbohydrate metabolism
rxn27724, Metabolism of cofactors and vitamins
rxn32424,
rxn33129, Metabolism of cofactors and vitamins
rxn13801,
rxn38069, Carbohydrate metabolism
rxn38284, Carbohydrate metabolism
rxn28100, Amino acid metabolism
rxn35343, Lipid metabolism
rxn32750, Metabolism of cofactors and vitamins
rxn30068, Carbohydrate metabolism
rxn30020,
rxn15459, Carbohydrate metabolism
rxn38233, Nucleotide metabolism
rxn15061, Carbohydrate metabolism
rxn19836, Amino acid metabolism
rxn38148, Carbohydrate metabolism
rxn30165,
rxn06781, Metabolism of other amino acids
rxn19018, Carbohydrate metabolism
rxn00407, Nucleotide metabolism
rxn32567, Nucleotide metabolism
rxn15043,
rxn01494, Amino acid metabolism
rxn35284, Amino acid metabolism
rxn31868, Lipid metabolism
rxn31335, Carbohydrate metabolism
rxn38459, Carbohydrate metabolism
rxn38097,
rxn30168,
rxn06798, Lipid metabolism
rxn02798, Lipid metabolism
rxn11667, Metabolism of cofactors and vitamins
rxn11666, Metabolism of cofactors and vitamins
rxn11665, Metabolism of cofactors and vitamins
rxn31229,
rxn34273, Nucleotide metabolism
rxn38499, Metabolism of terpenoids and polyketides
rxn31366, Energy metabolism
rxn27536, Energy metabolism
rxn05776, Amino acid metabolism
rxn28146,
rxn14073, Metabolism of terpenoids and polyketides
rxn38136, Amino acid metabolism
rxn02154, Metabolism of cofactors and vitamins
rxn38181, Metabolism of cofactors and vitamins
rxn32104, Metabolism of cofactors and vitamins
rxn16839,
rxn27686, Nucleotide metabolism
rxn35698, Nucleotide metabolism
rxn27708, Amino acid metabolism
rxn00701, Carbohydrate metabolism
rxn38244, Nucleotide metabolism
rxn32643, Metabolism of cofactors and vitamins
rxn32226, Carbohydrate metabolism
rxn33083, Amino acid metabolism
rxn32228, Metabolism of cofactors and vitamins
rxn06043, Lipid metabolism
rxn30129, Metabolism of cofactors and vitamins
rxn15454, Metabolism of cofactors and vitamins
rxn19488,
rxn06620,
rxn07346, Metabolism of cofactors and vitamins
rxn27766, Nucleotide metabolism
rxn28376, Nucleotide metabolism
rxn02000, Biosynthesis of other secondary metabolites
rxn32450, Metabolism of terpenoids and polyketides
rxn15005, Carbohydrate metabolism
rxn15478, Glycan biosynthesis and metabolism
rxn03041, Amino acid metabolism
rxn02885, Amino acid metabolism
rxn27717, Amino acid metabolism
rxn29942, Nucleotide metabolism
rxn00933, Amino acid metabolism
rxn14136, Metabolism of terpenoids and polyketides
rxn02663, Xenobiotics biodegradation and metabolism
rxn04259, Metabolism of terpenoids and polyketides
rxn04256, Metabolism of terpenoids and polyketides
rxn04257, Metabolism of terpenoids and polyketides
rxn04082, Carbohydrate metabolism
rxn05115, Nucleotide metabolism
rxn38278,
rxn32389, Lipid metabolism
rxn38702, Amino acid metabolism
rxn03869, Xenobiotics biodegradation and metabolism
rxn06522,
rxn38142, Amino acid metabolism
rxn01973, Amino acid metabolism
rxn33380,
rxn07824, Xenobiotics biodegradation and metabolism
rxn31851, Carbohydrate metabolism
rxn34306,
rxn15245, Carbohydrate metabolism
rxn27110, Amino acid metabolism
rxn34258,
rxn35425, Xenobiotics biodegradation and metabolism
rxn38280, Metabolism of cofactors and vitamins
rxn32754, Metabolism of cofactors and vitamins
rxn32658,
rxn33497, Energy metabolism
rxn38344, Metabolism of other amino acids
rxn02397, Amino acid metabolism
rxn01004, Amino acid metabolism
rxn35442, Carbohydrate metabolism
rxn01667, Carbohydrate metabolism
rxn35242, Carbohydrate metabolism
rxn35430, Amino acid metabolism
rxn35439,
rxn31689,
rxn32991, Amino acid metabolism
rxn33062,
rxn33412, Lipid metabolism
rxn01799, Nucleotide metabolism
rxn11757, Xenobiotics biodegradation and metabolism
rxn01366, Nucleotide metabolism
rxn27919, Nucleotide metabolism
rxn11772, Xenobiotics biodegradation and metabolism
rxn38134, Nucleotide metabolism
rxn02285, Carbohydrate metabolism
rxn02284, Carbohydrate metabolism
rxn31430,
rxn13939,
rxn38972,
rxn37873, Lipid metabolism
rxn31786,
rxn14044, Carbohydrate metabolism
rxn03644, Energy metabolism
rxn16622, Carbohydrate metabolism
rxn06023, Metabolism of cofactors and vitamins
rxn02128, Metabolism of cofactors and vitamins
rxn12510, Metabolism of cofactors and vitamins
rxn03047, Metabolism of cofactors and vitamins
rxn38829, Carbohydrate metabolism
rxn32605, Metabolism of other amino acids
rxn32961, Amino acid metabolism
rxn00426, Amino acid metabolism
rxn13996, Glycan biosynthesis and metabolism
rxn31834, Metabolism of cofactors and vitamins
rxn06874, Energy metabolism
rxn06926, Xenobiotics biodegradation and metabolism
rxn12649, Metabolism of cofactors and vitamins
rxn01601, Metabolism of cofactors and vitamins
rxn30104, Metabolism of cofactors and vitamins
rxn14120, Metabolism of cofactors and vitamins
rxn01602, Metabolism of cofactors and vitamins
rxn32434, Metabolism of cofactors and vitamins
rxn15783, Metabolism of cofactors and vitamins
rxn06831, Metabolism of cofactors and vitamins
rxn03397, Metabolism of cofactors and vitamins
rxn16584,
rxn04674, Metabolism of cofactors and vitamins
rxn38070, Amino acid metabolism
rxn33365, Nucleotide metabolism
rxn33241,
rxn32343, Metabolism of other amino acids
rxn35480,
rxn34185, Metabolism of other amino acids
rxn34567, Amino acid metabolism
rxn00855, Amino acid metabolism
rxn38275, Metabolism of cofactors and vitamins
rxn33182,
rxn07204, Energy metabolism
rxn32473, Nucleotide metabolism
rxn27685, Nucleotide metabolism
rxn38115, Carbohydrate metabolism
rxn35355, Carbohydrate metabolism
rxn15018, Nucleotide metabolism
rxn15049, Nucleotide metabolism
rxn02375, Nucleotide metabolism
rxn15060, Energy metabolism
rxn01187, Carbohydrate metabolism
rxn38274, Metabolism of cofactors and vitamins
rxn15443, Lipid metabolism
rxn00133, Nucleotide metabolism
rxn02020, Nucleotide metabolism
rxn00714, Nucleotide metabolism
rxn32324, Carbohydrate metabolism
rxn28109, Xenobiotics biodegradation and metabolism
rxn28046, Metabolism of cofactors and vitamins
rxn31983,
rxn37953,
rxn32376, Metabolism of terpenoids and polyketides
rxn28560, Nucleotide metabolism
rxn15536,
rxn15315, Lipid metabolism
rxn00193,
rxn33400,
rxn03378,
rxn06869,
rxn27916, Biosynthesis of other secondary metabolites
rxn33078, Amino acid metabolism
rxn11766, Xenobiotics biodegradation and metabolism
rxn32969, Nucleotide metabolism
rxn11765, Xenobiotics biodegradation and metabolism
rxn11773, Xenobiotics biodegradation and metabolism
rxn31210, Amino acid metabolism
rxn19980, Carbohydrate metabolism
rxn15194, Carbohydrate metabolism
rxn16503,
rxn34303, Carbohydrate metabolism
rxn15596,
rxn15233, Carbohydrate metabolism
rxn27692,
rxn30710, Nucleotide metabolism
rxn20619,
rxn34708,
rxn38011, Metabolism of other amino acids
rxn02286,
rxn30167,
rxn30166,
rxn30983,
rxn30447, Nucleotide metabolism
rxn33672, Nucleotide metabolism
rxn03599, Xenobiotics biodegradation and metabolism
rxn37906, Metabolism of other amino acids
rxn07436, Metabolism of cofactors and vitamins
rxn33633, Carbohydrate metabolism
rxn31730, Biosynthesis of other secondary metabolites
rxn06446,
rxn11548,
rxn27716, Carbohydrate metabolism
rxn34226,
rxn00829, Metabolism of terpenoids and polyketides
biomass_GmN,
EX_cpd00205,
rxn09149, Metabolism of cofactors and vitamins
rxn06362, Carbohydrate metabolism
EX_cpd00063,
rxn08231,
rxn46162,
rxn10089, Energy metabolism
rxn31475, Glycan biosynthesis and metabolism
rxn08921, Metabolism of cofactors and vitamins
EX_cpd00508,
rxn40668,
EX_cpd10515,
rxn09109, Metabolism of cofactors and vitamins
rxn06999, Carbohydrate metabolism
rxn07123, Metabolism of terpenoids and polyketides
rxn21635,
rxn05468,
rxn09640, Xenobiotics biodegradation and metabolism
rxn13679,
EX_cpd00119,
rxn07217,
rxn04897, Xenobiotics biodegradation and metabolism
EX_cpd00776,
dna_r,
rxn10197, Energy metabolism
rxn08200,
rxn13096, Nucleotide metabolism
rna_r,
rxn10281, Energy metabolism
rxn05284,
rxn32949, Carbohydrate metabolism
rxn13927, Biosynthesis of other secondary metabolites
rxn05017,
rxn10187,
cofactor_r,
rxn37018,
rxn41398,
rxn44229,
rxn05676,
EX_cpd00056,
rxn05514,
rxn06477,
rxn11258, Nucleotide metabolism
EX_bioma,
EX_cpd01311,
rxn05281,
rxn05787,
rxn05296, Lipid metabolism
rxn15366,
EX_cpd00254,
rxn10179, Metabolism of terpenoids and polyketides
rxn10633, Amino acid metabolism
rxn42076,
rxn10280, Energy metabolism
rxn00479, Amino acid metabolism
rxn08084,
rxn12669, Metabolism of cofactors and vitamins
rxn00121, Metabolism of cofactors and vitamins
EX_cpd01414,
rxn21403, Biosynthesis of other secondary metabolites
rxn10106, Energy metabolism
rxn46381,
rxn13121, Nucleotide metabolism
rxn42332,
rxn41785,
rxn13143, Metabolism of cofactors and vitamins
rxn11223,
EX_cpd00971,
rxn47399,
rxn00394, Amino acid metabolism
rxn05263,
rxn08547,
rxn31585, Amino acid metabolism
rxn00339,
rxn09111, Metabolism of cofactors and vitamins
EX_cpd17005,
rxn06046, Carbohydrate metabolism
EX_cpd00982,
rxn20059,
rxn02291, Lipid metabolism
rxn34424,
rxn08224,
rxn10737, Amino acid metabolism
rxn09798, Xenobiotics biodegradation and metabolism
rxn13699,
rxn12668, Metabolism of cofactors and vitamins
rxn45238,
rxn44825,
rxn27266,
rxn10271, Energy metabolism
rxn08295,
rxn13752,
rxn12667, Metabolism of cofactors and vitamins
rxn05618,
rxn00123, Metabolism of cofactors and vitamins
rxn27262, Energy metabolism
rxn34959, Lipid metabolism
rxn07060,
rxn30653, Metabolism of cofactors and vitamins
EX_cpd00030,
rxn03190,
rxn13113,
protein_r,
rxn10272, Energy metabolism
rxn31388, Carbohydrate metabolism
rxn13032, Nucleotide metabolism
lipid_r,
rxn32642, Amino acid metabolism
EX_cpd17028,
rxn31460, Carbohydrate metabolism
EX_cpd00200,
rxn13724,
EX_cpd00067,
EX_cpd00007,
EX_cpd17026,
EX_cpd15560,
EX_cpd00009,
EX_cpd00235,
EX_cpd00035,
EX_cpd00051,
EX_cpd00132,
EX_cpd00041,
EX_cpd00084,
EX_cpd00053,
EX_cpd00023,
EX_cpd00033,
EX_cpd00322,
EX_cpd00107,
EX_cpd00039,
EX_cpd00060,
EX_cpd00066,
EX_cpd00129,
EX_cpd00054,
EX_cpd00161,
EX_cpd00065,
EX_cpd00069,
EX_cpd00156,
EX_cpd00027,
EX_cpd00149,
EX_cpd00099,
rxn22535, Carbohydrate metabolism
rxn32344, Amino acid metabolism
rxn40941,
rxn47074,
rxn41598,
rxn08617, Carbohydrate metabolism
rxn20289, Nucleotide metabolism
rxn27379, Amino acid metabolism
rxn05242,
rxn46214,
rxn34745,
rxn11327,
rxn40745,
rxn08241,
rxn42058,
rxn05305, Lipid metabolism
EX_cpd00572,
rxn05663,
rxn09865, Xenobiotics biodegradation and metabolism
rxn42988,
rxn05241,
rxn09306,
rxn47471,
rxn47859,
rxn34491,
rxn08233,
rxn09192, Nucleotide metabolism
rxn34008, Energy metabolism
rxn05301, Lipid metabolism
EX_cpd00036,
EX_cpd00183,
EX_cpd00242,
EX_cpd00218,
EX_cpd00274,
EX_cpd00059,
EX_cpd00118,
EX_cpd00015,
EX_cpd03561,
EX_cpd00121,
EX_cpd00073,
EX_cpd00305,
EX_cpd00048,
EX_cpd00133,
EX_cpd00393,
EX_cpd00430,
EX_cpd01401,
EX_cpd00001,
EX_cpd00728,
EX_cpd00220,
EX_cpd00123,
EX_cpd01758,
EX_cpd00104,
EX_cpd00655,
EX_cpd00108,
EX_cpd00365,
EX_cpd00263,
cpd00036_transpo,
cpd00183_transpo,
cpd00508_transpo,
cpd00254_transpo,
cpd00242_transpo,
cpd00035_transpo,
cpd00218_transpo,
cpd00274_transpo,
cpd00059_transpo,
cpd00118_transpo,
cpd00015_transpo,
cpd03561_transpo,
cpd00121_transpo,
cpd00073_transpo,
cpd00027_transpo,
cpd00305_transpo,
cpd00200_transpo,
cpd00048_transpo,
cpd00133_transpo,
cpd00393_transpo,
cpd00430_transpo,
cpd01401_transpo,
cpd00971_transpo,
cpd00001_transpo,
cpd00728_transpo,
cpd00156_transpo,
cpd00084_transpo,
cpd00220_transpo,
cpd00123_transpo,
cpd01758_transpo,
cpd00104_transpo,
cpd00655_transpo,
cpd00108_transpo,
cpd00365_transpo,
cpd00205_transpo,
cpd00263_transpo,
rxn38087,
rxn05800, Carbohydrate metabolism
rxn31234, Carbohydrate metabolism
rxn30386,
rxn30418,
rxn19763, Metabolism of cofactors and vitamins
rxn38078,
rxn17745, Carbohydrate metabolism
rxn31329, Amino acid metabolism
rxn38130, Amino acid metabolism
rxn15964, Energy metabolism
rxn03150, Metabolism of cofactors and vitamins
rxn06433,
rxn16686, Metabolism of terpenoids and polyketides
rxn16641, Amino acid metabolism
rxn38689, Metabolism of cofactors and vitamins
rxn33205, Carbohydrate metabolism
rxn31314,
rxn15321, Carbohydrate metabolism
rxn34014,
rxn00322, Amino acid metabolism
rxn30245, Carbohydrate metabolism
rxn03841, Metabolism of cofactors and vitamins
rxn29986, Nucleotide metabolism
rxn15167, Amino acid metabolism
rxn41427,
rxn33436, Metabolism of cofactors and vitamins
rxn00866, Amino acid metabolism
rxn23024,
EX_cpd10516,
rxn00340, Amino acid metabolism
rxn00124, Metabolism of cofactors and vitamins
rxn29004,
rxn11317, Xenobiotics biodegradation and metabolism
rxn12071,
EX_cpd29690,
rxn14190,
rxn10954, Amino acid metabolism
rxn25075, Biosynthesis of other secondary metabolites
rxn14246,
rxn32561, Nucleotide metabolism
rxn13703,
rxn10448, Metabolism of cofactors and vitamins
rxn30277, Carbohydrate metabolism
rxn25073, Biosynthesis of other secondary metabolites
rxn08088,
rxn40158, Lipid metabolism
rxn45744,
rxn32502, Xenobiotics biodegradation and metabolism
rxn25583, Biosynthesis of other secondary metabolites
rxn25238, Amino acid metabolism
rxn08240,
rxn45866,
rxn38183, Nucleotide metabolism
rxn15957, Amino acid metabolism
rxn05244,
rxn05508,
rxn10155, Energy metabolism
rxn05573,
rxn05669,
rxn05300, Lipid metabolism
EX_cpd01155,
cpd01155_transpo,
rxn15306, Nucleotide metabolism
rxn30618, Metabolism of other amino acids
rxn04598, Amino acid metabolism
rxn04597, Amino acid metabolism
rxn00745,
rxn00784, Carbohydrate metabolism
rxn32646, Amino acid metabolism
rxn08982, Metabolism of terpenoids and polyketides
rxn33894, Carbohydrate metabolism
rxn08947, Metabolism of cofactors and vitamins
rxn13746,
rxn23456,
rxn40163, Lipid metabolism
rxn05221, Nucleotide metabolism
rxn08856,
rxn09875, Carbohydrate metabolism
rxn09260,
rxn08747, Metabolism of terpenoids and polyketides
rxn05220, Nucleotide metabolism
EX_cpd00081,
EX_cpd03343,
cpd03343_transpo,
rxn11714, Lipid metabolism
rxn11717, Lipid metabolism
rxn25713, Lipid metabolism
rxn33702, Lipid metabolism
rxn11713, Lipid metabolism
rxn25709,
rxn16288, Lipid metabolism
rxn11715, Lipid metabolism
rxn37686, Lipid metabolism
rxn11716, Lipid metabolism
rxn20503,
rxn33728, Lipid metabolism
rxn08879,
rxn08951,
rxn34543,
rxn43519,
rxn27261, Energy metabolism
rxn11318,
rxn00416, Amino acid metabolism
rxn05222, Nucleotide metabolism
rxn09339, Metabolism of terpenoids and polyketides
rxn28051,
rxn01800, Nucleotide metabolism
rxn33463,
rxn11749, Xenobiotics biodegradation and metabolism
rxn10104, Energy metabolism
rxn09163, Metabolism of cofactors and vitamins
rxn08820,
rxn08815,
EX_cpd02090,
rxn12537, Metabolism of cofactors and vitamins
rxn08431,
rxn08562,
rxn08202,
rxn09126, Metabolism of cofactors and vitamins
EX_cpd00072,
rxn45209,
rxn30571, Carbohydrate metabolism
rxn09429, Lipid metabolism
rxn08612, Nucleotide metabolism
rxn43204,
rxn43925,
rxn13022, Nucleotide metabolism
rxn00541, Amino acid metabolism
rxn05554,
rxn30615, Amino acid metabolism
rxn05226, Nucleotide metabolism
rxn28082, Metabolism of cofactors and vitamins
rxn02527, Carbohydrate metabolism
rxn19673, Energy metabolism
rxn15597,
rxn19181, Amino acid metabolism
rxn09703, Xenobiotics biodegradation and metabolism
EX_cpd11455,
rxn31570, Amino acid metabolism
rxn00056, Metabolism of cofactors and vitamins
rxn39068, Nucleotide metabolism
rxn09032,
rxn38835, Carbohydrate metabolism
rxn32387, Carbohydrate metabolism
rxn15139, Carbohydrate metabolism
rxn15469, Lipid metabolism
rxn34778, Xenobiotics biodegradation and metabolism
rxn34772, Carbohydrate metabolism
rxn38342, Carbohydrate metabolism
rxn34777, Carbohydrate metabolism
rxn33707, Lipid metabolism
rxn38341, Biosynthesis of other secondary metabolites
rxn34769,
rxn34775, Lipid metabolism
rxn34779, Carbohydrate metabolism
rxn00801, Amino acid metabolism
rxn07377, Metabolism of terpenoids and polyketides
rxn07375, Metabolism of terpenoids and polyketides
rxn05144, Metabolism of cofactors and vitamins
rxn12575, Metabolism of cofactors and vitamins
rxn13935, Biosynthesis of other secondary metabolites
rxn08569,
rxn31461, Carbohydrate metabolism
rxn00833, Nucleotide metabolism
EX_cpd00079,
rxn09338, Lipid metabolism
rxn34357,
rxn32259, Carbohydrate metabolism
rxn19339, Xenobiotics biodegradation and metabolism
rxn19338, Nucleotide metabolism
rxn17765, Amino acid metabolism
rxn19341, Metabolism of cofactors and vitamins
rxn19340,
rxn17766, Nucleotide metabolism
rxn17763, Amino acid metabolism
rxn17767, Nucleotide metabolism
rxn38905, Amino acid metabolism
rxn11204,
rxn40007,
rxn09145, Metabolism of cofactors and vitamins
rxn00908, Carbohydrate metabolism
rxn32500,
rxn08999, Metabolism of terpenoids and polyketides
rxn13007,
rxn04343, Metabolism of terpenoids and polyketides
rxn07965,
rxn08797,
rxn13734,
rxn34460, Carbohydrate metabolism
rxn08850,
rxn28171, Amino acid metabolism
rxn03990,
rxn00927, Nucleotide metabolism
rxn31244,
rxn06443,
rxn05744,
rxn15626, Metabolism of terpenoids and polyketides
rxn10105, Energy metabolism
rxn16597,
rxn08307,
rxn12192,
rxn30630, Biosynthesis of other secondary metabolites
rxn07207, Metabolism of other amino acids
rxn06418,
rxn10029, Energy metabolism
EX_cpd00075,
rxn01674, Nucleotide metabolism
rxn10840, Metabolism of cofactors and vitamins
rxn16842,
rxn20288, Nucleotide metabolism
rxn40643,
rxn40849,
rxn45449,
rxn10213, Energy metabolism
rxn14050,
rxn43269,
rxn30534,
rxn41433,
rxn04953,
EX_cpd11456,
rxn02516, Metabolism of other amino acids
rxn00937, Metabolism of other amino acids
rxn00277, Amino acid metabolism
rxn09725, Xenobiotics biodegradation and metabolism
rxn29996, Metabolism of other amino acids
rxn46468,
rxn09950,
rxn30813, Metabolism of terpenoids and polyketides
rxn38529, Metabolism of cofactors and vitamins
rxn09031,
EX_cpd15561,
rxn11986,
rxn10577,
EX_cpd00528,
rxn19071, Nucleotide metabolism
rxn09147, Metabolism of cofactors and vitamins
rxn08799,
rxn13698,
rxn04341, Metabolism of terpenoids and polyketides
rxn46348,
rxn20769, Biosynthesis of other secondary metabolites
rxn25601, Biosynthesis of other secondary metabolites
rxn15622, Metabolism of terpenoids and polyketides
rxn40096, Biosynthesis of other secondary metabolites
rxn28196, Amino acid metabolism
rxn15088, Carbohydrate metabolism
rxn04786, Amino acid metabolism
rxn30018, Nucleotide metabolism
rxn33560, Biosynthesis of other secondary metabolites
rxn31954, Carbohydrate metabolism
rxn34247, Carbohydrate metabolism
rxn05291, Lipid metabolism
rxn09065, Metabolism of cofactors and vitamins
rxn08309,
rxn00926, Nucleotide metabolism
rxn10211, Energy metabolism
rxn38725, Nucleotide metabolism
rxn09307,
rxn24829, Metabolism of cofactors and vitamins
rxn33281,
rxn30979,
rxn33994, Carbohydrate metabolism
rxn06224, Carbohydrate metabolism
rxn38046,
rxn03086, Amino acid metabolism
rxn33256, Nucleotide metabolism
rxn19141,
rxn04934, Amino acid metabolism
rxn34245, Carbohydrate metabolism
rxn00348, Amino acid metabolism
rxn35281,
rxn30380, Metabolism of cofactors and vitamins
rxn30369, Metabolism of cofactors and vitamins
rxn33359,
rxn33981, Carbohydrate metabolism
rxn01303, Amino acid metabolism
rxn07267, Lipid metabolism
rxn41635,
rxn36661, Lipid metabolism
rxn33734, Carbohydrate metabolism
rxn30131, Amino acid metabolism
rxn13428, Metabolism of terpenoids and polyketides
rxn11744,
rxn09468, Metabolism of other amino acids
rxn06078, Amino acid metabolism
rxn09106, Metabolism of cofactors and vitamins
rxn23650,
rxn47121,
rxn15166, Amino acid metabolism
rxn08185,
rxn09113, Metabolism of cofactors and vitamins
rxn08946, Metabolism of cofactors and vitamins
rxn09458, Metabolism of other amino acids
EX_cpd00098,
cpd00098_transpo,
rxn31840,
rxn19347, Amino acid metabolism
rxn13928, Biosynthesis of other secondary metabolites
rxn12494, Metabolism of cofactors and vitamins
rxn09871, Xenobiotics biodegradation and metabolism
rxn44609,
rxn30635, Amino acid metabolism
rxn36659, Lipid metabolism
rxn09704, Xenobiotics biodegradation and metabolism
rxn33681, Carbohydrate metabolism
rxn17384, Biosynthesis of other secondary metabolites
rxn20608,
rxn29006,
rxn20592,
rxn00577, Carbohydrate metabolism
rxn38981, Carbohydrate metabolism
rxn35214, Carbohydrate metabolism
rxn03031, Amino acid metabolism
rxn27788, Amino acid metabolism
rxn33387,
rxn33015,
rxn27543,
rxn32196, Carbohydrate metabolism
rxn06429,
rxn11156, Metabolism of cofactors and vitamins
rxn11994, Metabolism of cofactors and vitamins
rxn27893, Amino acid metabolism
rxn06803, Lipid metabolism
rxn05996, Lipid metabolism
rxn02483, Xenobiotics biodegradation and metabolism
rxn31801, Amino acid metabolism
rxn19830, Nucleotide metabolism
rxn34304, Carbohydrate metabolism
rxn33231, Carbohydrate metabolism
rxn35518, Carbohydrate metabolism
rxn00152, Carbohydrate metabolism
rxn13975, Biosynthesis of other secondary metabolites
rxn14156, Biosynthesis of other secondary metabolites
rxn14059, Biosynthesis of other secondary metabolites
rxn14278, Biosynthesis of other secondary metabolites
rxn13995, Biosynthesis of other secondary metabolites
rxn14248, Biosynthesis of other secondary metabolites
rxn27789, Carbohydrate metabolism
rxn03282,
rxn32580,
rxn34212, Amino acid metabolism
rxn03362, Amino acid metabolism
rxn00729, Amino acid metabolism
rxn07585, Metabolism of cofactors and vitamins
rxn15699, Metabolism of cofactors and vitamins
rxn05797,
rxn38372,
rxn07565, Biosynthesis of other secondary metabolites
rxn07561, Biosynthesis of other secondary metabolites
rxn04418,
rxn30698, Carbohydrate metabolism
rxn27876, Carbohydrate metabolism
rxn31867, Glycan biosynthesis and metabolism
rxn30708, Metabolism of cofactors and vitamins
rxn28991, Energy metabolism
rxn30152,
rxn02085, Amino acid metabolism
rxn33637,
rxn35351, Amino acid metabolism
rxn32798, Amino acid metabolism
rxn31783, Amino acid metabolism
rxn31982, Amino acid metabolism
rxn31826,
rxn19776, Carbohydrate metabolism
rxn01991, Amino acid metabolism
rxn16195, Metabolism of terpenoids and polyketides
rxn30332, Amino acid metabolism
rxn19892, Amino acid metabolism
rxn19896, Amino acid metabolism
rxn28381, Amino acid metabolism
rxn01685, Carbohydrate metabolism
rxn01686, Carbohydrate metabolism
rxn15373, Carbohydrate metabolism
rxn02112, Carbohydrate metabolism
rxn32249, Amino acid metabolism
rxn37694, Metabolism of cofactors and vitamins
rxn37956, Lipid metabolism
rxn32091, Carbohydrate metabolism
rxn01857, Carbohydrate metabolism
rxn15667,
rxn07490, Carbohydrate metabolism
rxn19898, Amino acid metabolism
rxn15218, Lipid metabolism
rxn38691,
rxn38692, Metabolism of cofactors and vitamins
rxn38694, Metabolism of cofactors and vitamins
rxn00787, Carbohydrate metabolism
rxn34204, Carbohydrate metabolism
rxn15184, Carbohydrate metabolism
rxn15247, Carbohydrate metabolism
rxn16828, Nucleotide metabolism
rxn30697, Metabolism of terpenoids and polyketides
rxn04052, Metabolism of cofactors and vitamins
rxn03512, Metabolism of cofactors and vitamins
rxn17977, Carbohydrate metabolism
rxn05807, Carbohydrate metabolism
rxn38121, Amino acid metabolism
rxn35454,
rxn38509, Xenobiotics biodegradation and metabolism
rxn04650, Xenobiotics biodegradation and metabolism
rxn07908, Xenobiotics biodegradation and metabolism
rxn15998, Xenobiotics biodegradation and metabolism
rxn16084, Xenobiotics biodegradation and metabolism
rxn38059,
rxn16082, Xenobiotics biodegradation and metabolism
rxn07909, Xenobiotics biodegradation and metabolism
rxn03800, Xenobiotics biodegradation and metabolism
rxn31706,
rxn34300, Nucleotide metabolism
rxn27943, Carbohydrate metabolism
rxn33352, Energy metabolism
rxn03379, Metabolism of other amino acids
rxn01735, Amino acid metabolism
rxn30634, Amino acid metabolism
rxn33688, Biosynthesis of other secondary metabolites
rxn33703, Biosynthesis of other secondary metabolites
rxn03159, Glycan biosynthesis and metabolism
rxn01772, Amino acid metabolism
rxn16679, Amino acid metabolism
rxn27818, Glycan biosynthesis and metabolism
rxn35527, Lipid metabolism
rxn32553,
rxn25051, Amino acid metabolism
rxn32171, Carbohydrate metabolism
rxn33806, Carbohydrate metabolism
rxn38132,
rxn30089,
rxn03087, Amino acid metabolism
rxn38706, Energy metabolism
rxn32876, Xenobiotics biodegradation and metabolism
rxn15188, Carbohydrate metabolism
rxn30151, Amino acid metabolism
rxn27816, Amino acid metabolism
rxn27815,
rxn20630, Amino acid metabolism
rxn03445, Metabolism of cofactors and vitamins
rxn30143, Carbohydrate metabolism
rxn30339, Amino acid metabolism
rxn19213, Nucleotide metabolism
rxn05901, Lipid metabolism
rxn14401,
rxn20661, Amino acid metabolism
rxn16623,
rxn22826,
rxn22827, Amino acid metabolism
rxn05801, Energy metabolism
rxn11487,
rxn13678,
rxn05616,
rxn35320, Metabolism of cofactors and vitamins
rxn29785, Carbohydrate metabolism
rxn31584, Amino acid metabolism
rxn32566, Nucleotide metabolism
rxn00201, Amino acid metabolism
rxn18910, Nucleotide metabolism
rxn20819,
rxn10046, Energy metabolism
rxn15918, Biosynthesis of other secondary metabolites
rxn12868,
rxn01512, Nucleotide metabolism
rxn15919, Biosynthesis of other secondary metabolites
rxn15527,
rxn30486, Amino acid metabolism
rxn08771, Nucleotide metabolism
EX_cpd11451,
rxn08170, Metabolism of cofactors and vitamins
rxn05151, Nucleotide metabolism
rxn28988,
rxn34576, Lipid metabolism
rxn12049, Metabolism of other amino acids
rxn02187,
rxn00566, Amino acid metabolism
rxn01508, Nucleotide metabolism
rxn05245,
rxn08616,
rxn16823, Metabolism of cofactors and vitamins
rxn32648, Amino acid metabolism
rxn09718, Xenobiotics biodegradation and metabolism
rxn09641,
rxn15360, Carbohydrate metabolism
rxn26298,
rxn13307,
rxn07099, Biosynthesis of other secondary metabolites
rxn30000, Energy metabolism
rxn23703, Carbohydrate metabolism
rxn13816,
rxn10604, Metabolism of cofactors and vitamins
rxn05563,
rxn41259,
rxn45366,
rxn08188, Metabolism of cofactors and vitamins
rxn35472,
rxn28238, Energy metabolism
EX_cpd03423,
rxn09467, Metabolism of other amino acids
rxn09193, Metabolism of other amino acids
rxn06091, Lipid metabolism
rxn32753, Lipid metabolism
rxn33063, Amino acid metabolism
rxn11700, Lipid metabolism
rxn25990,
rxn15206,
rxn29993, Amino acid metabolism
rxn01297, Nucleotide metabolism
rxn13231, Xenobiotics biodegradation and metabolism
rxn12453,
rxn11118, Metabolism of cofactors and vitamins
rxn19701, Energy metabolism
rxn09142, Metabolism of cofactors and vitamins
rxn06434,
rxn31601, Amino acid metabolism
rxn00503, Amino acid metabolism
rxn09873, Xenobiotics biodegradation and metabolism
rxn30354,
rxn30025, Metabolism of cofactors and vitamins
rxn38276,
rxn34254,
rxn20471,
rxn01022, Amino acid metabolism
rxn03900, Glycan biosynthesis and metabolism
rxn38043, Amino acid metabolism
rxn32242, Amino acid metabolism
rxn01972, Amino acid metabolism
rxn16198, Metabolism of terpenoids and polyketides
rxn00346, Metabolism of other amino acids
rxn31401, Amino acid metabolism
rxn33222, Nucleotide metabolism
rxn32216, Nucleotide metabolism
rxn03974, Biosynthesis of other secondary metabolites
rxn08521,
rxn08458,
rxn06227,
rxn06080, Lipid metabolism
rxn00297, Carbohydrate metabolism
rxn14132,
rxn34235, Metabolism of other amino acids
rxn06934, Carbohydrate metabolism
rxn29959, Carbohydrate metabolism
rxn33398, Lipid metabolism
rxn37872, Carbohydrate metabolism
rxn01642, Amino acid metabolism
rxn02831, Metabolism of cofactors and vitamins
rxn06077, Amino acid metabolism
rxn04051,
rxn07588, Metabolism of cofactors and vitamins
rxn31408, Lipid metabolism
rxn27525, Metabolism of cofactors and vitamins
rxn02009, Glycan biosynthesis and metabolism
rxn33448, Amino acid metabolism
rxn02173, Carbohydrate metabolism
rxn16356, Nucleotide metabolism
rxn32684, Carbohydrate metabolism
rxn00228, Metabolism of other amino acids
rxn33550,
rxn33573, Nucleotide metabolism
rxn33383, Nucleotide metabolism
rxn14393, Biosynthesis of other secondary metabolites
rxn31847, Nucleotide metabolism
rxn00107, Nucleotide metabolism
rxn32308, Nucleotide metabolism
rxn33340, Nucleotide metabolism
rxn33024,
rxn32898, Nucleotide metabolism
rxn32981, Nucleotide metabolism
rxn02517, Nucleotide metabolism
rxn38077, Carbohydrate metabolism
rxn01724, Metabolism of cofactors and vitamins
rxn02341, Metabolism of cofactors and vitamins
rxn09177, Metabolism of cofactors and vitamins
rxn02235, Lipid metabolism
rxn01710, Carbohydrate metabolism
rxn27432, Metabolism of cofactors and vitamins
rxn35415,
rxn01025, Nucleotide metabolism
rxn02090, Amino acid metabolism
rxn00717, Nucleotide metabolism
rxn16485,
rxn10504, Metabolism of cofactors and vitamins
rxn10505, Metabolism of cofactors and vitamins
rxn00634, Carbohydrate metabolism
rxn37675, Carbohydrate metabolism
rxn03167, Metabolism of cofactors and vitamins
rxn16091, Xenobiotics biodegradation and metabolism
rxn07904, Xenobiotics biodegradation and metabolism
rxn15641, Xenobiotics biodegradation and metabolism
rxn03612, Xenobiotics biodegradation and metabolism
rxn03691, Xenobiotics biodegradation and metabolism
rxn35432, Amino acid metabolism
rxn34727, Lipid metabolism
rxn34719, Lipid metabolism
rxn37968,
rxn32347, Amino acid metabolism
rxn27618, Lipid metabolism
rxn15210, Carbohydrate metabolism
rxn15504, Metabolism of cofactors and vitamins
rxn15727, Xenobiotics biodegradation and metabolism
rxn15725, Biosynthesis of other secondary metabolites
rxn16801, Carbohydrate metabolism
rxn35438, Nucleotide metabolism
rxn37809, Amino acid metabolism
rxn03861,
rxn34632, Carbohydrate metabolism
rxn02788, Xenobiotics biodegradation and metabolism
rxn03690, Xenobiotics biodegradation and metabolism
rxn30378, Metabolism of other amino acids
rxn32619,
rxn01989, Carbohydrate metabolism
rxn07845, Carbohydrate metabolism
rxn01671, Metabolism of cofactors and vitamins
rxn15155, Carbohydrate metabolism
rxn34729, Lipid metabolism
rxn34728, Lipid metabolism
rxn34732, Lipid metabolism
rxn37816, Xenobiotics biodegradation and metabolism
rxn34630, Carbohydrate metabolism
rxn02949, Amino acid metabolism
rxn34731, Amino acid metabolism
rxn35541, Amino acid metabolism
rxn34730, Lipid metabolism
rxn06216, Lipid metabolism
rxn32064, Metabolism of other amino acids
rxn34733, Lipid metabolism
rxn37861, Biosynthesis of other secondary metabolites
rxn32636, Xenobiotics biodegradation and metabolism
rxn14043, Metabolism of other amino acids
rxn15875,
rxn03003, Amino acid metabolism
rxn03304, Lipid metabolism
rxn03301, Lipid metabolism
rxn03313, Lipid metabolism
rxn03316, Lipid metabolism
rxn01893, Amino acid metabolism
rxn03272,
rxn28267, Metabolism of other amino acids
rxn27867, Metabolism of cofactors and vitamins
rxn01374, Amino acid metabolism
rxn27845, Metabolism of terpenoids and polyketides
rxn27531,
rxn07213,
rxn00002, Amino acid metabolism
rxn27994, Carbohydrate metabolism
rxn32907, Carbohydrate metabolism
rxn31264,
rxn33298, Metabolism of cofactors and vitamins
rxn28045,
rxn39103,
rxn25494, Metabolism of cofactors and vitamins
rxn15569,
rxn06050, Carbohydrate metabolism
rxn16581,
rxn16235, Energy metabolism
rxn31917, Nucleotide metabolism
rxn37674, Metabolism of other amino acids
rxn01153,
rxn32357,
rxn03395, Metabolism of cofactors and vitamins
rxn33220, Metabolism of terpenoids and polyketides
rxn15785, Metabolism of cofactors and vitamins
rxn11761, Xenobiotics biodegradation and metabolism
rxn01143, Nucleotide metabolism
rxn01518, Nucleotide metabolism
rxn33392,
rxn15490, Nucleotide metabolism
rxn15604, Lipid metabolism
rxn01034, Xenobiotics biodegradation and metabolism
rxn34191, Carbohydrate metabolism
rxn34196, Metabolism of other amino acids
rxn38082, Nucleotide metabolism
rxn30780, Lipid metabolism
rxn15363, Carbohydrate metabolism
rxn00837, Nucleotide metabolism
rxn29019, Metabolism of terpenoids and polyketides
rxn27785, Carbohydrate metabolism
rxn03704, Xenobiotics biodegradation and metabolism
rxn03607, Xenobiotics biodegradation and metabolism
rxn00587, Xenobiotics biodegradation and metabolism
rxn02861, Xenobiotics biodegradation and metabolism
rxn03706, Xenobiotics biodegradation and metabolism
rxn07602, Xenobiotics biodegradation and metabolism
rxn32133, Metabolism of cofactors and vitamins
rxn34789, Carbohydrate metabolism
rxn35545, Amino acid metabolism
rxn34739, Lipid metabolism
rxn34735, Lipid metabolism
rxn06037, Lipid metabolism
rxn35544, Amino acid metabolism
rxn34736, Lipid metabolism
rxn34737, Lipid metabolism
rxn34734, Lipid metabolism
rxn34738, Lipid metabolism
rxn07883, Metabolism of terpenoids and polyketides
rxn27455, Xenobiotics biodegradation and metabolism
rxn00615, Lipid metabolism
rxn32673,
rxn02405, Glycan biosynthesis and metabolism
rxn21660, Metabolism of terpenoids and polyketides
rxn05206, Nucleotide metabolism
rxn48224,
rxn47701,
rxn10665, Amino acid metabolism
rxn00465,
rxn47850,
rxn42801,
rxn00278, Amino acid metabolism
rxn13267,
rxn23431, Biosynthesis of other secondary metabolites
rxn05956,
rxn44117,
rxn13850,
rxn09432, Lipid metabolism
rxn09425, Lipid metabolism
rxn31029,
rxn09430, Lipid metabolism
rxn11303,
rxn19967, Biosynthesis of other secondary metabolites
rxn09436, Lipid metabolism
rxn28172, Amino acid metabolism
rxn31548,
rxn18920,
rxn00347, Amino acid metabolism
rxn09472, Metabolism of other amino acids
rxn17723,
rxn36757, Metabolism of cofactors and vitamins
rxn10109, Energy metabolism
rxn47036,
rxn15500, Metabolism of other amino acids
rxn09460, Metabolism of other amino acids
rxn01573, Amino acid metabolism
rxn43505,
rxn09439, Lipid metabolism
rxn16346,
rxn40612,
rxn12990,
rxn30323,
rxn33907, Carbohydrate metabolism
rxn06369, Lipid metabolism
rxn13382,
rxn39069,
rxn42899,
rxn48541,
rxn31383,
rxn10203, Energy metabolism
rxn16020, Xenobiotics biodegradation and metabolism
rxn10186,
rxn11308,
rxn44874,
rxn06246, Energy metabolism
rxn45616,
EX_cpd00151,
EX_cpd00374,
EX_cpd00028,
cpd00151_transpo,
cpd00374_transpo,
cpd00028_transpo,
rxn35453, Biosynthesis of other secondary metabolites
rxn47875,
rxn20057,
rxn00330, Carbohydrate metabolism
rxn40611,
rxn27428, Carbohydrate metabolism
rxn08114, Carbohydrate metabolism
rxn26352, Metabolism of cofactors and vitamins
rxn27495, Carbohydrate metabolism
rxn32282, Metabolism of cofactors and vitamins
EX_cpd00070,
rxn31085, Amino acid metabolism
rxn45724,
rxn02144, Xenobiotics biodegradation and metabolism
rxn31887, Lipid metabolism
rxn34718, Lipid metabolism
rxn34716, Lipid metabolism
rxn34710, Lipid metabolism
rxn30116, Lipid metabolism
rxn37889, Lipid metabolism
rxn34717, Lipid metabolism
rxn34709, Lipid metabolism
rxn34705,
rxn15951, Metabolism of cofactors and vitamins
rxn02986, Metabolism of cofactors and vitamins
rxn16806, Metabolism of cofactors and vitamins
rxn32195, Amino acid metabolism
rxn01729, Amino acid metabolism
rxn31894, Amino acid metabolism
rxn14250, Energy metabolism
rxn35554, Amino acid metabolism
rxn07435, Amino acid metabolism
rxn30541,
rxn35553, Amino acid metabolism
rxn35551, Amino acid metabolism
rxn35549, Amino acid metabolism
rxn31250, Lipid metabolism
rxn07433, Amino acid metabolism
rxn06031,
rxn44448,
rxn02304, Metabolism of cofactors and vitamins
rxn21365,
rxn42885,
rxn09180, Amino acid metabolism
rxn05815, Carbohydrate metabolism
rxn48239,
rxn32917, Nucleotide metabolism
rxn29240, Carbohydrate metabolism
rxn09734,
rxn09679, Carbohydrate metabolism
rxn03514, Metabolism of cofactors and vitamins
rxn30072,
rxn06145, Lipid metabolism
rxn26463, Metabolism of terpenoids and polyketides
rxn15511, Amino acid metabolism
rxn05625,
rxn36662, Lipid metabolism
rxn13751,
rxn13745,
rxn45461,
rxn31910, Lipid metabolism
rxn37328, Lipid metabolism
rxn45246,
rxn15620, Metabolism of terpenoids and polyketides
rxn42178,
rxn10974, Metabolism of terpenoids and polyketides
rxn04320, Metabolism of terpenoids and polyketides
rxn39056, Metabolism of cofactors and vitamins
rxn30388, Metabolism of cofactors and vitamins
rxn32996, Carbohydrate metabolism
rxn00878, Carbohydrate metabolism
rxn11546,
rxn16013, Xenobiotics biodegradation and metabolism
rxn39930, Xenobiotics biodegradation and metabolism
rxn09422, Lipid metabolism
rxn15164, Metabolism of cofactors and vitamins
rxn24177, Xenobiotics biodegradation and metabolism
rxn19210, Amino acid metabolism
rxn30579, Metabolism of cofactors and vitamins
rxn00554,
rxn00494,
rxn19997, Nucleotide metabolism
rxn38026, Metabolism of cofactors and vitamins
rxn00692, Amino acid metabolism
rxn01272,
rxn33272, Energy metabolism
rxn05626,
rxn16004, Xenobiotics biodegradation and metabolism
rxn16005, Xenobiotics biodegradation and metabolism
rxn13697,
rxn00373, Carbohydrate metabolism
rxn14057, Energy metabolism
rxn16019, Xenobiotics biodegradation and metabolism
rxn04926, Xenobiotics biodegradation and metabolism
rxn10212, Energy metabolism
rxn08434, Lipid metabolism
rxn33589, Xenobiotics biodegradation and metabolism
rxn05268,
rxn34160, Carbohydrate metabolism
rxn05638,
rxn03991,
rxn05562,
rxn12582, Metabolism of cofactors and vitamins
EX_cpd00089,
rxn33937,
rxn29011, Carbohydrate metabolism
rxn09799, Xenobiotics biodegradation and metabolism
rxn00598, Amino acid metabolism
rxn07689, Lipid metabolism
rxn03128,
rxn19982, Lipid metabolism
rxn19979, Biosynthesis of other secondary metabolites
rxn07681, Lipid metabolism
rxn07884, Metabolism of terpenoids and polyketides
rxn03866, Xenobiotics biodegradation and metabolism
rxn19989, Lipid metabolism
rxn19986, Amino acid metabolism
rxn33120, Carbohydrate metabolism
rxn07685, Lipid metabolism
rxn07880, Metabolism of terpenoids and polyketides
rxn19988,
rxn33363, Xenobiotics biodegradation and metabolism
rxn05909, Amino acid metabolism
rxn10476, Biosynthesis of other secondary metabolites
rxn30474,
rxn19350, Amino acid metabolism
EX_cpd00504,
rxn10643, Amino acid metabolism
rxn30136, Lipid metabolism
rxn13735,
rxn09841, Xenobiotics biodegradation and metabolism
rxn09427, Lipid metabolism
rxn11081, Metabolism of cofactors and vitamins
rxn08551,
rxn10667, Amino acid metabolism
rxn10663, Amino acid metabolism
ID011,
rxn39075,
rxn10098, Energy metabolism
EX_cpd14514,
rxn33673,
EX_cpd15240,
rxn43401,
EX_cpd01018,
rxn02774, Metabolism of cofactors and vitamins
rxn28987,
rxn35413, Metabolism of cofactors and vitamins
rxn10095, Energy metabolism
rxn00399, Amino acid metabolism
rxn10204, Energy metabolism
rxn42052,
rxn23048, Metabolism of other amino acids
rxn48170,
rxn43310,
rxn05166, Nucleotide metabolism
rxn30247, Carbohydrate metabolism
rxn08297,
rxn09104, Metabolism of cofactors and vitamins
rxn09159, Metabolism of cofactors and vitamins
rxn08813,
EX_cpd29700,
rxn03420, Metabolism of cofactors and vitamins
rxn09161, Metabolism of cofactors and vitamins
rxn30281, Carbohydrate metabolism
rxn00612, Lipid metabolism
rxn09102, Metabolism of cofactors and vitamins
rxn10202, Energy metabolism
rxn10944, Amino acid metabolism
rxn11224,
rxn08811,
rxn13647,
rxn11197,
rxn43423,
rxn33328, Carbohydrate metabolism
rxn32978, Carbohydrate metabolism
rxn00719, Nucleotide metabolism
rxn01027, Nucleotide metabolism
rxn16568,
rxn31708,
rxn03784,
rxn06921, Xenobiotics biodegradation and metabolism
rxn30666, Nucleotide metabolism
rxn11316, Xenobiotics biodegradation and metabolism
rxn17748,
rxn00349, Metabolism of other amino acids
rxn00254, Amino acid metabolism
rxn18052, Nucleotide metabolism
rxn20162, Carbohydrate metabolism
rxn02834, Amino acid metabolism
rxn33998, Energy metabolism
rxn33190,
rxn32227,
rxn12863,
rxn29994, Amino acid metabolism
rxn47551,
rxn33967,
rxn33900, Carbohydrate metabolism
rxn02835, Amino acid metabolism
rxn00623, Energy metabolism
rxn09128, Metabolism of cofactors and vitamins
rxn02698, Metabolism of terpenoids and polyketides
rxn04952,
rxn26044, Carbohydrate metabolism
rxn08822,
rxn03175, Amino acid metabolism
rxn04467,
rxn39424, Metabolism of terpenoids and polyketides
rxn31988, Amino acid metabolism
rxn02162,
rxn46340,
rxn07468, Metabolism of terpenoids and polyketides
rxn06266,
rxn15063,
rxn08848,
rxn21132,
rxn06033, Lipid metabolism
rxn13846,
rxn48558,
rxn09140, Metabolism of cofactors and vitamins
rxn00282, Amino acid metabolism
rxn39847, Metabolism of terpenoids and polyketides
rxn01346,
rxn00644, Amino acid metabolism
rxn10030, Energy metabolism
rxn08801,
rxn15369, Nucleotide metabolism
rxn04344, Metabolism of terpenoids and polyketides
rxn15628, Metabolism of terpenoids and polyketides
rxn00276,
rxn30598, Amino acid metabolism
rxn00362, Nucleotide metabolism
Unnamed: 18,